DAdhemar :: ["d'Adhémar, Robert", "d'Adhémar, Robert"]
DAlembert :: ["Alembert, Jean d'", "d'Alembert, Jean", "d'Alembert, Jean"]
DArcy :: ["d'Arcy, Patrick", "d'Arcy, Patrick"]
De_LHopital :: ["de L'Hôpital, Guillaume", "de L'Hôpital, Guillaume", "Hôpital, Guillaume de L'", "L'Hôpital, Guillaume de", "L'Hôpital, Guillaume de"]
DOcagne :: ["d'Ocagne, Maurice", "d'Ocagne, Maurice", "Ocagne, Maurice d'"]
DOvidio :: ["d'Ovidio, Enrico", "d'Ovidio, Enrico", "Ovidio, Enrico d'"]
Fiedler :: ['Fiedler, Miroslav', 'Fiedler, Miroslav']
ORaifeartaigh :: ["O'Raifeartaigh, Lochlainn", "O'Raifeartaigh, Lochlainn"]
Thompson_DArcy :: ["d'Arcy Thompson W", "d'Arcy Thompson W", "Thompson, D'Arcy W"]
Varga :: ['Varga, Richard', 'Varga, Richard']
